outcome,min_eig
hom_all_rate,0.571099620418082
hom_ym_rate,0.455131306219305
theft_violent_rate,0.363074294958058
theft_nonviolent_rate,0.660974770212204
presence_strength,0.399037154073692
co_num,0.11505099771015
war,0.410276580284701
