event_time_1,event_time_2,event_time_3,event_time_4,event_time_5,event_time_6,event_time_7,time_sec
1.22669840483733,1.91802344257113,3.34933624852473,3.2074344850163,4.79542331305074,5.48861167780512,5.26089077944206,0.656542686
0.973521346638465,1.90809544272726,3.12016121548673,3.98445161262826,4.07347987810375,4.86502759473858,6.19968180667969,0.641212322
0.499097462328218,1.72949412610523,2.63911322592875,3.70680487203653,4.75053343053647,6.71756458901276,7.41377203428341,0.606815437
1.11702389446882,1.81055754514336,2.19911516709702,2.4908903002056,3.83861328076044,3.96754759916467,3.61715426772943,0.645255624
1.95922298489625,3.41962384514717,6.41844580008453,7.96849369966499,9.54792713307577,10.6336566737155,12.5950170442477,0.662230214
0.664428130291632,1.04641633377695,0.705143157884748,0.956419396692571,2.2719573270215,3.24558236132662,3.74518512910257,0.615996898
1.13936014789201,1.30407367322568,3.21516239926395,5.20678570209331,5.18728596716913,6.22483037564753,8.27098161088235,0.616107954
0.527045821758585,2.67170691899,3.50812994386062,4.24278426511475,4.50895735263033,5.79271007757633,7.48449599285741,0.655415154
1.44700269951512,1.84282281697393,2.62052681868846,4.14731374926567,6.14492819233167,7.7975743602182,7.65431960250973,0.645051797
1.0727402980511,2.79004867741303,4.11838294023337,5.13873995533988,6.16154605624615,7.99121449685654,9.91147900454688,0.679493832
