"event_time_1","event_time_2","event_time_3","event_time_4","event_time_5","event_time_6","event_time_7","time_sec"
1.75004110691306,2.90341110031482,4.4253010194344,3.93742167930586,5.35465824677732,5.3884046204589,5.34226917443509,0.0428509712219238
0.457671209542908,1.32213996856011,2.22235862730143,3.25260052393295,3.55998456079952,4.84597888110624,6.17892909858895,0.0433120727539062
2.06483587031298,1.8196802095189,1.4881510311527,3.22687108147511,4.15177847781859,6.47076913406588,7.64198480253242,0.0507569313049316
1.35656220511532,2.10986672191422,1.98781321810348,2.4161749233297,3.81419111840241,3.68243927482239,3.83614532575246,0.0478770732879639
3.14188010905262,4.7868138307718,7.75005053835582,8.84301157751269,10.3228150458465,11.6399097137214,12.8608222951319,0.042043924331665
1.48146005225351,1.44119749985585,0.884988098884461,0.579063668456046,2.17433967930887,3.21328998682573,3.69057094878035,0.0432429313659668
0.673427539780734,2.31552998615617,3.68140136826291,5.53506997163725,5.47153221984746,6.15226785350669,8.05631763927391,0.0501930713653564
0.194885406743898,2.7755965205976,2.9673457738575,4.73286404325785,4.88641032997428,6.42727853933137,7.61589503872692,0.0481951236724854
3.51266541485898,4.1845342366086,5.8628749568631,7.11390875644883,7.77018495341394,8.41120554382946,7.94311186811995,0.0234169960021973
0.501883816541488,2.78372684339865,4.4665971782733,5.62966218031124,6.5024375234073,7.89523295017093,9.99912250434772,0.0244169235229492
