event_time_1,event_time_2,event_time_3,event_time_4,event_time_5,event_time_6,event_time_7,time_sec
0.87230398392635,1.68607061281992,3.1692141464486,3.41083843858095,5.10073537211571,6.89212638751688,9.06511890330257,0.656542686
0.679324964240543,2.00356578431599,2.20946048116772,3.824772948372,4.60104837318292,5.46598240814131,6.06403881475119,0.641212322
1.08520158459145,1.83456502700598,2.54780665219384,3.50897606728576,4.86802132873009,5.59480773491828,6.92610737814407,0.606815437
0.99347166072831,1.95280161651746,3.00682177306456,3.88922098654309,4.3599306376205,4.90745495562932,7.153445241843,0.645255624
0.514122531462872,1.14297437080681,1.81235005173285,2.7989200745773,4.1475952768923,5.28753484683441,5.63597466680344,0.662230214
0.474440701449786,1.19258854173832,2.103771208022,3.65561239670236,5.47524565126047,6.35568061402366,6.88811526774818,0.615996898
0.575507713138696,2.24881984774717,3.10375054589587,3.58800145255044,5.03318758171954,6.5024490241871,8.35202328063974,0.616107954
1.09812737561333,2.28971769686529,3.23198115106867,4.2802203084827,5.59134577006256,6.39873397544095,7.11504636457355,0.655415154
0.484569880822151,1.38379544177662,3.08719210539358,4.28722981247388,4.3778094485048,4.55384766118382,6.14096007076012,0.645051797
0.890747931586286,1.83106354751281,2.62433555122001,3.92472716439189,4.2989472225227,5.67300455350623,6.38343060907715,0.679493832
